username,auth_token
DQSAehgO,9VKJ3y9l7Y3EBfgG2rnQ3CgzhsP1ib3T
dTCv3cd3,ipfJ3vVpNOjYSg1KFYPJDaKvYcp3M5PR
T0NYHL85,1AoHeYpP46gltjn9l5hxGcAruRCKgmUT
gbExj3q8,GcaD87xkiKqO7MUX5hMbYIohV3bLNhxj
97WqKcuL,d14Imxg5kns1TyGJcfy90WC0l4jJ1cSV
jqHskgrL,SsIbHPVI4mjNAACmn8qbPhTGsAfrWAIN
lpRrYKt0,IbrTh04NI027yY2rzqzLJuhuyKgPiYVG
0x4HZ2DF,lNatDIhYgq9GmOgidXtiM0hXgmUfM5VN
JuTYMWu1,XWpIxvE0SGFcxuO7aJsFvoqxfnOd4dV3
ISBZtzzV,Jpi1E0Cqy5QvDrc0GOLD6uNKoyc3XP6b
FIkuW5A8,tk84Mt8X4vzrrdCQghoe5FiVGeiDLpNC
D78oK4MR,Q4tOrvw5NNTmTugbNgzXFAThhHQRPMIM
6cAdTKwV,rRVnthvwMTa5T8Qe44CiuigNmN82tGUu
aWc9aXa1,FBkfGX0HH9kyQHb7wmM4pcJvLNyEPotQ
sbaTWzq9,0k3gS4RhgrRCf4yW5hdKxdvc2nNf1yfb
3hvzMirR,kftVgajPa8x3MgurMfIiXuGwPBML4mST
Rh1REo6T,o3WpotCc490fvKcEtNr3ptqTuxvJ1Z2Z
Wp7cSh8C,4ld1pzlsm6YWWNFAw4tBznVXaSeRImOI
53EmElln,gF3b1sUFGHEZFSOFMi8a9YMVQAGKIpao
sPt6407E,zajaK8qjLMhqoPOgjy1zANt0wyzLNjNz
GvG2K3z9,5nVHuzEWu5DY7kEBWmZyyrj4Srv4gUIP
QTgPephj,sOnPd2reKDwSZuaFDXPcCWiiUfEseZ4i
5aVryG1e,VSq4sVbSK5XmT0zGVie9daAn2bcSq3n5
aHygptpW,rrupcrHWV48PL6ylPfrI4cuSuQgLrXOp
B3rX30AW,NGB4XAy6vQRmAGn7dJ93gKAyrEkJR9Ic
Nxm8JbCu,0bsrVFn4nbpotJr2Ves3wUHlqu4vxk9u
uSvi4iKx,sNiUwg2V2KMooSYAPLluo431S8HRkmZE
VYXfHIPx,txriY1ddVDDQQiXhiH1lIA1AxzDvgu1L
ArvfDIDW,6NTmMKvild97p0rj8pFMqIJVTJ1axLBe
hqlZZ58V,b40VdClwM6OaUMdwDL52zt1uzRdXqIpH
myjeIc2T,UU8HcoVJSQqmxJDcnvoGtk4PCkOXVBLW
mTQwc9Ma,4mbSgfotWOAbc5CR1vtyz6bEZwVj26qN
AReAjC0Q,zgRtxSIZmc4Qob18H7cqxrPnbCfLgrPS
CwJzox4j,JPL4SVr8bcRsWSAhMAO7IxEENJf6bUsd
4KvQVfXK,m0DxCFJOILEVvxgiMy8d7PLGfVQISLJD
kRF074ZV,Q547QXwJXVebktDwVuNhGCVgzlypGajB
RxSooqeF,jPB3HHHer10FLWhxvakDrloQgnvulvBy
ErwUlvqC,5UdsIBltFW5qUsh5XWHJKjFozjMjJbD5
m7gqBu2V,PwuH2Iqe5L9mNkWEPuFhyvDErtTMcicB
KdBLo4JC,WLOidQFt9lJajdt6OwCxmpdYAhBgzjG5
VyxgO6uG,njvtqNFEsvW1UdzmHC6jg8X83KaEtW7G
gPTBpvtS,aHuTIgU5OyYtvctoFZIxp1sf27daLfdU
73LdWXEk,hdwjWhPWXMniT1BHTHFzE8NOY7BzOWuS
GqHTpnJu,n2yrLC0TkRhGACI4Xw4Z6bu4nuKJQKWE
GgNQrrxn,rGkC7Xhu2UkhB6sBEKrBV1EIgmGrgLsm
Mo3sht3V,TeLkPxgKLyPuKsL81AsSL8Covtuaw6B0
SRvd3irW,BnzD9QQTfkTyNnxHB70gevGLSqDaUoI4
eJU8GDwm,3I7blB6RkozBOy1y2bVQqmcGkNHMTmyj
N2hwGzs0,CxrNJnh3lkZZafTt0FqYXAfLm6FYklgL
1QhIVDbL,LgPEFFzFXE2QRUSPhjMecTn82oCn4nDY
x92w8l9q,6AYvOO9bqjnecdMGZQLwNd2QtIw9goZF
yyX6mNzM,QQYevT0Wh5y9PlM6lJ9F4TjoIoYI7zcp
YEDxpyFA,Y8Sj3q4gXt666q2f4AGD5o0t7MOBi7Iw
TPEOFJFb,Fvri10miTxEoBLUbQvHwpgknkRTM19qK
uJBYyE93,8jOD7sACwpXouRakObtk55pJYa5IC4ig
YQNgQXeP,UPNI748QmwncK6lMzmi1g9QSsigJEG5H
6J3YHfST,ciwGKUWKlsvyGuwIrmbSLOp7utWUnVW3
wzczzb3k,fWxlQMjIfTeQGRCdpAml3xguWdXC1Evh
LH1Dzgsq,ot9Mrr6v62LOVSy2NiWR6HI8ZVk9TFoP
N7RgrHn1,7oEw3Tj8bLJLiD2XIOtseFbZYCWSCn1Y
ngWVu7Dk,ocYh7VNJRR0WG1TstAey2YMVQU88q7Pu
cuJUjNzD,qfxYSVY7Brf4J1B9ZpOVNUH4SW1plfkt
mUQBATIG,uchHchZ2wFdgh8UE5nyKMg2LECqdmSr2
Dhd1ypoI,Rr0T2BHAskoJdOHLBJe477JiYUY1BV2n
RFZfnwpk,8DL75q5pjn3sfEYYEZJV4dehRomuhyX6
y7gwaGEr,B0Uw3W4G4ik7EnoXMXvNhsnh07rOcNko
TtJLhhwF,K7CyeVoRT6tErm7UG3fb7jJHUS7xJIgo
VdriXcAY,GhlTzNgnyfXxR1Vcxm5Nm57zbx6MichL
Rz9FAG6M,BVNORaIg8UR5QXqPTd3MpVlefUpC9u7R
2EIcaFmn,aOcz42oszzI4qwSDZdX2imoPZX4kLjqu
Skvpxoc0,FV4L4Ib5IQVptIeQMmyTOOUXXA9Yjznr
8CqpuTgr,nOCwycPUstSMFhavwwTj00wWBg0ncPih
1JtAda3B,4j8jibspnbBglabqxK63NXtHPnmofJv2
diGMToZC,G2qNUsnoHMiq6MGB1HdtWR6f3M5jVYx0
nWlwFA9Z,zQwwZWGeJyQpCiCSdGmacQbmTGB9R748
Fz74EHzp,R1aq6j8Qajzv3llp5MwtOc9PQVre19To
oyMDOWpI,QZAkb8Isht7bed6JaxptgR3r0AFiMfI4
VFQuFaee,sDcdYbL6BEGRfaOkhqHe6lvBICehtNez
XZfYxsUZ,ZfnFrrKgmiGgkULvT13Gfb9fZMaCEdye
3NeHxcby,d6qxT5WLhfFiozkI8m3d9nsMUXwmUyTq
ddJYhbRV,SbWLd5owS8YAtnk8mSthw3MUxVqrg6kQ
0W6ElBpy,QSutzu5IsbkLaYRAPm6Jl7HQVm7zRuBA
My3QtebX,UUh2RCSokbNm1bhbvS3m8ucKX6lxrjxC
mHCsfG9L,4T9txPXClS4e22L1lKwu2ffYLCBiAYAr
l0p8RMgt,Uf4aErM9VnvuocTz1vpXX3IpWZ9cNk04
Muby7ZZw,EKothHqjYQtLAR7QCgbsrkhVVrX27iTk
tnda8zXR,hJa1icxMM8LDIFu4vqYP6j2pprHeeswC
0ab5idFk,G3z0oZuFnXQu5xYzJIZ8i5sk17Qpe1VC
lK2bpFqH,cWOzINeZBSF1VtTZHMrofBOqvbjw5rBp
gHMZd9T8,ob4nq8n1UpWOJ0VUFYbAV87OC387xmzQ
hFeQiuZ9,ikvusSGuJ0KOEtIau4gT61TvnJ8dgRDH
0MfjoRXB,iRnSgmCIUIJL93iU2IrBQZDfiqxpP2w7
of6UGevI,tgtBB0vcj0AoQTp4jl8EpBVpKfqMH0Ik
b6YRozOo,mtxMzTfVM35oq0oRFaS1AP3p03zFzwOn
NVzBCO6d,qKFIotioIwpi94vRrsaM92Of0IDIVAS4
t4gGCvSn,xKwwaoj0ketxBTdjWmr71qE9C3BeaCO6
GOtYHO34,XzE7ZiXjvI00HijfIrnnz7M0IO0KDuQn
LYg7jNWW,LYyyhn8RcXKLGcwqmkBbjgeNx5OuSiT0
htedPwFi,oVP3YkPW7NGi0TW1AhNyyd8eGiyFf8Kk
dKP2gKbv,cSyPyL2iYKgMhG0YEjRHPrYat59ieXcW
